{"cameraMode":{"drawMode":0,"name":"Shaded","section":"Shading Mode"},"sceneLighting":true,"audioPlay":false,"sceneViewState":{"showFog":true,"showMaterialUpdate":false,"showSkybox":true,"showFlares":true,"showImageEffects":true,"showParticleSystems":true},"in2DMode":false,"pivot":{"x":-11.418682098388672,"y":1.2093892097473145,"z":-1.4218592643737794},"rotation":{"x":-0.09214598685503006,"y":0.9028922319412231,"z":-0.2429213672876358,"w":-0.342643678188324},"size":16.392559051513673,"orthographic":false}