{"cameraMode":{"drawMode":0,"name":"Shaded","section":"Shading Mode"},"sceneLighting":true,"audioPlay":false,"sceneViewState":{"showFog":true,"showMaterialUpdate":false,"showSkybox":true,"showFlares":true,"showImageEffects":true,"showParticleSystems":true},"in2DMode":false,"pivot":{"x":-8.46081256866455,"y":2.242279052734375,"z":0.9807332158088684},"rotation":{"x":0.22636301815509797,"y":-0.005580422934144735,"z":0.0012245177058503032,"w":0.974183976650238},"size":-0.5776861906051636,"orthographic":false}